symbol,company,anex,acqName,date,pid,tkdAcqm,buyValue,sellValue,buyQuantity,sellquantity,secType,secAcq,did,tdpTransactionType,tdpDerivativeContractType,xbrl,personCategory,befAcqSharesNo,befAcqSharesPer,secVal,securitiesTypePost,afterAcqSharesNo,afterAcqSharesPer,acqfromDt,acqtoDt,intimDt,acqMode,derivativeType,exchange,remarks
ADFFOODS,ADF Foods Limited,7(2),Bimal R. Thakkar,29-Mar-2023 00:28,1143602,,0,0,0,0,Equity Shares,375000,459615,Pledge,-,https://archives.nseindia.com/corporate/xbrl/IT_1143602_806261_29032023122832_WEB.xml,Promoters,2278924,10.37,252731250,Equity Shares,2278924,10.37,28-Mar-2023,28-Mar-2023,28-Mar-2023,Revokation of Pledge,-,NA,-
ADFFOODS,ADF Foods Limited,7(2),Parul B. Thakkar,29-Mar-2023 00:28,1143602,,0,0,0,0,Equity Shares,400000,459614,Pledge,-,https://archives.nseindia.com/corporate/xbrl/IT_1143602_806261_29032023122832_WEB.xml,Promoters,1085827,4.94,273120000,Equity Shares,1085827,4.94,27-Mar-2023,27-Mar-2023,28-Mar-2023,Pledge Creation,-,NA,-
CONFIPET,Confidence Petroleum India Limited,7(2),CONFIDENCE LPG BOTTLING PRIVATE LIMITED,28-Mar-2023 20:52,1143598,,0,0,0,0,Equity Shares,805000,459611,Buy,-,https://archives.nseindia.com/corporate/xbrl/IT_1143598_806249_28032023085211_WEB.xml,Promoter Group,9290380,3.27,44951200,Equity Shares,10095380,3.55,28-Mar-2023,28-Mar-2023,28-Mar-2023,Market Purchase,-,NSE,-
ASTERDM,Aster DM Healthcare Limited,7(3),Olympus Capital Asia Investments Limited,28-Mar-2023 20:35,1143596,,0,0,0,0,Equity Shares,19980522,459609,Sell,-,https://archives.nseindia.com/corporate/xbrl/IT_1143596_806233_28032023083525_WEB.xml,-,114692108,22.96,4595520060,Equity Shares,94711586,18.96,28-Mar-2023,28-Mar-2023,28-Mar-2023,Off Market,-,NA,-
ASTERDM,Aster DM Healthcare Limited,7(2),Union (Mauritius) Holdings Limited,28-Mar-2023 20:18,1143594,,0,0,0,0,Equity Shares,19980522,459607,Buy,-,https://archives.nseindia.com/corporate/xbrl/IT_1143594_806226_28032023081847_WEB.xml,Promoter Group,Nil,0,4595520060,Equity Shares,19980522,4,28-Mar-2023,28-Mar-2023,28-Mar-2023,Off Market,-,NA,-
KOTAKBANK,Kotak Mahindra Bank Limited,7(3),N. Murali Krishna,28-Mar-2023 19:53,1143590,,0,0,0,0,Equity Shares,4000,459604,Sell,-,https://archives.nseindia.com/corporate/xbrl/IT_1143590_806220_28032023075331_WEB.xml,-,16157,0,6767408,Equity Shares,12157,0,24-Mar-2023,27-Mar-2023,28-Mar-2023,Market Sale,-,NSE,-
KOTAKBANK,Kotak Mahindra Bank Limited,7(3),N. Murali Krishna,28-Mar-2023 19:45,1143588,,0,0,0,0,Equity Shares,2157,459602,Sell,-,https://archives.nseindia.com/corporate/xbrl/IT_1143588_806216_28032023074547_WEB.xml,-,16157,0,3651016,Equity Shares,14000,0,17-Mar-2023,23-Mar-2023,24-Mar-2023,Market Sale,-,NSE,-
LT,Larsen & Toubro Limited,7(2),V V RISBUD,28-Mar-2023 19:37,1143586,,0,0,0,0,Equity Shares,1000,459600,Sell,-,https://archives.nseindia.com/corporate/xbrl/IT_1143586_806211_28032023073736_WEB.xml,Employees/Designated Employees,5373,0,2206800,Equity Shares,4373,0,24-Mar-2023,24-Mar-2023,27-Mar-2023,Market Sale,-,NSE,-
LT,Larsen & Toubro Limited,7(2),V V RISBUD,28-Mar-2023 19:37,1143586,,0,0,0,0,Equity Shares,1725,459599,Sell,-,https://archives.nseindia.com/corporate/xbrl/IT_1143586_806211_28032023073736_WEB.xml,Employees/Designated Employees,7098,0,3808110,Equity Shares,5373,0,24-Mar-2023,24-Mar-2023,27-Mar-2023,Market Sale,-,NSE,-
ZYDUSWELL,Zydus Wellness Limited,7(2),Zydus Family Trust,28-Mar-2023 19:16,1143584,,0,0,0,0,Equity Shares,7942,459596,Buy,-,https://archives.nseindia.com/corporate/xbrl/IT_1143584_806196_28032023071647_WEB.xml,Promoters,5619234,8.83,11752259,Equity Shares,5627176,8.84,27-Mar-2023,27-Mar-2023,28-Mar-2023,Market Purchase,-,NSE,-
ZYDUSWELL,Zydus Wellness Limited,7(2),Zydus Family Trust,28-Mar-2023 19:16,1143584,,0,0,0,0,Equity Shares,1124,459595,Buy,-,https://archives.nseindia.com/corporate/xbrl/IT_1143584_806196_28032023071647_WEB.xml,Promoters,5618110,8.83,1666103,Equity Shares,5619234,8.83,27-Mar-2023,27-Mar-2023,28-Mar-2023,Market Purchase,-,BSE,-
SHANKARA,Shankara Building Products Limited,7(2),Dhananjay Mirlay Srinivas,28-Mar-2023 18:52,1143582,,0,0,0,0,Equity Shares,10000,459592,Buy,-,https://archives.nseindia.com/corporate/xbrl/IT_1143582_806178_28032023065205_WEB.xml,Promoter Group,60550,0.26,6416400,Equity Shares,70550,0.3,27-Mar-2023,27-Mar-2023,28-Mar-2023,Market Purchase,-,BSE,-
BEPL,Bhansali Engineering Polymers Limited,7(2),JAYESH B. BHANSALI,28-Mar-2023 18:46,1143580,,0,0,0,0,Equity Shares,100000,459590,Buy,-,https://archives.nseindia.com/corporate/xbrl/IT_1143580_806175_28032023064629_WEB.xml,Promoters,11561945,6.97,9166000,Equity Shares,11661945,7.03,27-Mar-2023,27-Mar-2023,28-Mar-2023,Market Purchase,-,NSE,-
SHANKARA,Shankara Building Products Limited,7(2),Ramenani Subramanya Venkata Siva Prasad,28-Mar-2023 18:46,1143579,,0,0,0,0,Equity Shares,8898,459589,Sell,-,https://archives.nseindia.com/corporate/xbrl/IT_1143579_806173_28032023064602_WEB.xml,Director,55150,0.24,5712516,Equity Shares,46252,0.2,27-Mar-2023,27-Mar-2023,28-Mar-2023,Market Sale,-,BSE,-
VLSFINANCE,VLS Finance Limited,7(2),Mrs. Seema Jhalani,28-Mar-2023 18:45,1143578,,0,0,0,0,Equity Shares,6600,459588,Sell,-,https://archives.nseindia.com/corporate/xbrl/IT_1143578_806170_28032023064536_WEB.xml,Other,6601,0.02,1172160,Equity Shares,1,0,23-Mar-2023,23-Mar-2023,24-Mar-2023,Market Sale,-,NSE,-
KEI,KEI Industries Limited,7(2),Kishore Kunal,28-Mar-2023 18:27,1143573,,0,0,0,0,Equity Shares,2406,459584,Sell,-,https://archives.nseindia.com/corporate/xbrl/IT_1143573_806141_28032023062704_WEB.xml,Key Managerial Personnel,43573,0.05,4004704,Equity Shares,41167,0.05,27-Mar-2023,28-Mar-2023,28-Mar-2023,Market Sale,-,NSE,-
BHARATWIRE,Bharat Wire Ropes Limited,7(2),Gyanshankar Investment And Trading Co.Pvt Ltd,28-Mar-2023 18:26,1143572,,0,0,0,0,Equity Shares,3388270,459583,Buy,-,https://archives.nseindia.com/corporate/xbrl/IT_1143572_806139_28032023062636_WEB.xml,Promoters,17984854,27.88,423533750,Equity Shares,21373124,31.48,25-Mar-2023,25-Mar-2023,28-Mar-2023,Preferential Offer,-,NA,-
GODREJPROP,Godrej Properties Limited,7(2),KARAN BOLARIA,28-Mar-2023 18:26,1143571,,0,0,0,0,Equity Shares,250,459582,Buy,-,https://archives.nseindia.com/corporate/xbrl/IT_1143571_806137_28032023062635_WEB.xml,Employees/Designated Employees,6365,0,257243,Equity Shares,6615,0,27-Mar-2023,27-Mar-2023,28-Mar-2023,Market Purchase,-,NSE,-
GODREJPROP,Godrej Properties Limited,7(2),KARAN BOLARIA,28-Mar-2023 18:26,1143571,,0,0,0,0,Equity Shares,400,459581,Buy,-,https://archives.nseindia.com/corporate/xbrl/IT_1143571_806137_28032023062635_WEB.xml,Employees/Designated Employees,5965,0,440000,Equity Shares,6365,0,21-Mar-2023,21-Mar-2023,28-Mar-2023,Market Purchase,-,NSE,-
GODREJPROP,Godrej Properties Limited,7(2),KARAN BOLARIA,28-Mar-2023 18:26,1143571,,0,0,0,0,Equity Shares,450,459580,Buy,-,https://archives.nseindia.com/corporate/xbrl/IT_1143571_806137_28032023062635_WEB.xml,Employees/Designated Employees,5515,0,497700,Equity Shares,5965,0,15-Mar-2023,15-Mar-2023,28-Mar-2023,Market Purchase,-,NSE,-
GREAVESCOT,Greaves Cotton Limited,7(2),KARUN CARPETS PRIVATE LIMITED,28-Mar-2023 18:26,1143570,,0,0,0,0,Equity Shares,7800,459572,Buy,-,https://archives.nseindia.com/corporate/xbrl/IT_1143570_806135_28032023062617_WEB.xml,Promoters,128933055,55.66,989898,Equity Shares,128940855,55.66,27-Mar-2023,27-Mar-2023,28-Mar-2023,Market Purchase,-,NSE,-
GREAVESCOT,Greaves Cotton Limited,7(2),KARUN CARPETS PRIVATE LIMITED,28-Mar-2023 18:26,1143570,,0,0,0,0,Equity Shares,10000,459573,Buy,-,https://archives.nseindia.com/corporate/xbrl/IT_1143570_806135_28032023062617_WEB.xml,Promoters,128940855,55.66,1275000,Equity Shares,128950855,55.67,27-Mar-2023,27-Mar-2023,28-Mar-2023,Market Purchase,-,NSE,-
GREAVESCOT,Greaves Cotton Limited,7(2),KARUN CARPETS PRIVATE LIMITED,28-Mar-2023 18:26,1143570,,0,0,0,0,Equity Shares,10000,459574,Buy,-,https://archives.nseindia.com/corporate/xbrl/IT_1143570_806135_28032023062617_WEB.xml,Promoters,128950855,55.67,1270000,Equity Shares,128960855,55.67,27-Mar-2023,27-Mar-2023,28-Mar-2023,Market Purchase,-,NSE,-
GREAVESCOT,Greaves Cotton Limited,7(2),KARUN CARPETS PRIVATE LIMITED,28-Mar-2023 18:26,1143570,,0,0,0,0,Equity Shares,10000,459575,Buy,-,https://archives.nseindia.com/corporate/xbrl/IT_1143570_806135_28032023062617_WEB.xml,Promoters,128960855,55.67,1276000,Equity Shares,128970855,55.68,27-Mar-2023,27-Mar-2023,28-Mar-2023,Market Purchase,-,NSE,-
GREAVESCOT,Greaves Cotton Limited,7(2),KARUN CARPETS PRIVATE LIMITED,28-Mar-2023 18:26,1143570,,0,0,0,0,Equity Shares,10000,459576,Buy,-,https://archives.nseindia.com/corporate/xbrl/IT_1143570_806135_28032023062617_WEB.xml,Promoters,128970855,55.68,1277900,Equity Shares,128980855,55.68,27-Mar-2023,27-Mar-2023,28-Mar-2023,Market Purchase,-,NSE,-
GREAVESCOT,Greaves Cotton Limited,7(2),KARUN CARPETS PRIVATE LIMITED,28-Mar-2023 18:26,1143570,,0,0,0,0,Equity Shares,10000,459577,Buy,-,https://archives.nseindia.com/corporate/xbrl/IT_1143570_806135_28032023062617_WEB.xml,Promoters,128980855,55.68,1279400,Equity Shares,128990855,55.68,27-Mar-2023,27-Mar-2023,28-Mar-2023,Market Purchase,-,NSE,-
GREAVESCOT,Greaves Cotton Limited,7(2),KARUN CARPETS PRIVATE LIMITED,28-Mar-2023 18:26,1143570,,0,0,0,0,Equity Shares,10000,459578,Buy,-,https://archives.nseindia.com/corporate/xbrl/IT_1143570_806135_28032023062617_WEB.xml,Promoters,128990855,55.68,1273700,Equity Shares,129000855,55.69,27-Mar-2023,27-Mar-2023,28-Mar-2023,Market Purchase,-,NSE,-
GREAVESCOT,Greaves Cotton Limited,7(2),KARUN CARPETS PRIVATE LIMITED,28-Mar-2023 18:26,1143570,,0,0,0,0,Equity Shares,10000,459579,Buy,-,https://archives.nseindia.com/corporate/xbrl/IT_1143570_806135_28032023062617_WEB.xml,Promoters,129000855,55.69,1271900,Equity Shares,129010855,55.69,27-Mar-2023,27-Mar-2023,28-Mar-2023,Market Purchase,-,NSE,-
BAJAJHLDNG,Bajaj Holdings & Investment Limited,7(2),Hercules Hoists Limited,28-Mar-2023 18:23,1143566,,0,0,0,0,Equity Shares,16576,459558,Buy,-,https://archives.nseindia.com/corporate/xbrl/IT_1143566_806126_28032023062305_WEB.xml,Promoter Group,385968,0.35,100189463,Equity Shares,402544,0.36,23-Mar-2023,23-Mar-2023,27-Mar-2023,Market Purchase,-,NSE,-
BAJAJHLDNG,Bajaj Holdings & Investment Limited,7(2),Hercules Hoists Limited,28-Mar-2023 18:23,1143566,,0,0,0,0,Equity Shares,4643,459559,Buy,-,https://archives.nseindia.com/corporate/xbrl/IT_1143566_806126_28032023062305_WEB.xml,Promoter Group,402544,0.36,28050435,Equity Shares,407187,0.37,24-Mar-2023,24-Mar-2023,27-Mar-2023,Market Purchase,-,NSE,-
SVPGLOB,SVP GLOBAL TEXTILES LIMITED,7(2),SHRIVALLABH PITTIE VENTURES LIMITED,28-Mar-2023 18:21,1143564,,0,0,0,0,Equity Shares,2949859,459555,Sell,-,https://archives.nseindia.com/corporate/xbrl/IT_1143564_806122_28032023062103_WEB.xml,Promoters,75485800,59.67,33480899,Equity Shares,72535941,57.34,28-Mar-2023,28-Mar-2023,28-Mar-2023,Market Sale,-,NSE,-
INDIACEM,The India Cements Limited,7(2),EWS Finance & Investments Private Limited,28-Mar-2023 18:17,1143562,,0,0,0,0,Equity Shares,4700000,459553,Pledge,-,https://archives.nseindia.com/corporate/xbrl/IT_1143562_806111_28032023061708_WEB.xml,Promoter Group,66803057,21.56,823675000,Equity Shares,66803057,21.56,24-Mar-2023,24-Mar-2023,27-Mar-2023,Pledge Creation,-,NA,-
ASIANENE,Asian Energy Services Limited,7(2),Oilmax Energy Private Limited,28-Mar-2023 18:07,1143559,,0,0,0,0,Equity Shares,214160,459551,Buy,-,https://archives.nseindia.com/corporate/xbrl/IT_1143559_806102_28032023060736_WEB.xml,Promoters,22954431,60.29,21286501,Equity Shares,23168591,60.85,28-Mar-2023,28-Mar-2023,28-Mar-2023,Market Purchase,-,NSE,-
AMEYA,Ameya Precision Engineers Limited,7(2),SHIRISH MADHUKAR PANDE,28-Mar-2023 17:59,1143556,,0,0,0,0,Equity Shares,8000,459549,Buy,-,https://archives.nseindia.com/corporate/xbrl/IT_1143556_806095_28032023055945_WEB.xml,Promoter Group,1819700,24.26,280000,Equity Shares,1827700,24.37,28-Mar-2023,28-Mar-2023,28-Mar-2023,Market Purchase,-,NSE,-
AMEYA,Ameya Precision Engineers Limited,7(2),SHIRISH MADHUKAR PANDE,28-Mar-2023 17:59,1143555,,0,0,0,0,Equity Shares,8000,459548,Buy,-,https://archives.nseindia.com/corporate/xbrl/IT_1143555_806093_28032023055935_WEB.xml,Promoter Group,1819700,24.26,280000,Equity Shares,1827700,24.37,28-Mar-2023,28-Mar-2023,28-Mar-2023,Market Purchase,-,NSE,-
INTLCONV,International Conveyors Limited,7(2),KHUSHALI J VANZARA,28-Mar-2023 17:48,1143552,,0,0,0,0,Equity Shares,74471,459545,Sell,-,https://archives.nseindia.com/corporate/xbrl/IT_1143552_806090_28032023054817_WEB.xml,-,269320,0.41,3833820,Equity Shares,194849,0.3,24-Mar-2023,24-Mar-2023,25-Mar-2023,Market Sale,-,NSE,-
SDBL,Som Distilleries & Breweries Limited,7(2),JAGDISH KUMAR ARORA,28-Mar-2023 17:44,1143549,,0,0,0,0,Equity Shares,25000,459543,Buy,-,https://archives.nseindia.com/corporate/xbrl/IT_1143549_806086_28032023054411_WEB.xml,Promoters,13560309,18.38,3470237,Equity Shares,13585309,18.42,28-Mar-2023,28-Mar-2023,28-Mar-2023,Market Purchase,-,NSE,-
AMEYA,Ameya Precision Engineers Limited,7(2),BIPIN SHIRISH PANDE,28-Mar-2023 17:40,1143547,,0,0,0,0,Equity Shares,16000,459541,Buy,-,https://archives.nseindia.com/corporate/xbrl/IT_1143547_806080_28032023054048_WEB.xml,Promoters,1799700,24,552000,Equity Shares,1815700,24.21,28-Mar-2023,28-Mar-2023,28-Mar-2023,Market Purchase,-,NSE,-
NRBBEARING,NRB Bearing Limited,7(2),AZIZ YOUSUF ZAVERI,28-Mar-2023 17:40,1143546,,0,0,0,0,Equity Shares,640,459540,Buy,-,https://archives.nseindia.com/corporate/xbrl/IT_1143546_806078_28032023054025_WEB.xml,Promoter Group,1071021,1.11,82178,Equity Shares,1071661,1.11,27-Mar-2023,27-Mar-2023,28-Mar-2023,Market Purchase,-,NSE,-
SUKHJITS,Sukhjit Starch & Chemicals Limited,7(2),UMESH HIRANAND CHABLANI,28-Mar-2023 17:37,1143545,,0,0,0,0,Equity Shares,500,459539,Buy,-,https://archives.nseindia.com/corporate/xbrl/IT_1143545_806072_28032023053717_WEB.xml,-,14572,0.09,185361,Equity Shares,15072,0.09,24-Mar-2023,24-Mar-2023,26-Mar-2023,Market Purchase,-,NSE,-
NRBBEARING,NRB Bearing Limited,7(2),HARSHBEENA SAHNEY ZAVERI,28-Mar-2023 17:34,1143541,,0,0,0,0,Equity Shares,21243,459535,Buy,-,https://archives.nseindia.com/corporate/xbrl/IT_1143541_806067_28032023053414_WEB.xml,Promoters,11207286,11.56,2752828,Equity Shares,11228529,11.59,27-Mar-2023,27-Mar-2023,28-Mar-2023,Market Purchase,-,NSE,-
AURIONPRO,Aurionpro Solutions Limited,7(2),ASHISH RAI,28-Mar-2023 17:32,1143540,,0,0,0,0,Equity Shares,5000,459534,Buy,-,https://archives.nseindia.com/corporate/xbrl/IT_1143540_806063_28032023053255_WEB.xml,Director,1826965,8.01,1495242,Equity Shares,1831965,8.03,27-Mar-2023,27-Mar-2023,27-Mar-2023,Market Purchase,-,NSE,-
KCP,KCP Limited,7(2),V.L. INDIRA DUTT,28-Mar-2023 17:18,1143535,,0,0,0,0,Equity Shares,2000,459530,Buy,-,https://archives.nseindia.com/corporate/xbrl/IT_1143535_806054_28032023051839_WEB.xml,Promoters,10107466,7.84,190840,Equity Shares,10109466,7.84,27-Mar-2023,27-Mar-2023,28-Mar-2023,Market Purchase,-,NSE,-
HEG,HEG Limited,7(2),RLJ FAMILY TRUSTEESHIP PRIVATE LIMITED,28-Mar-2023 17:11,1143534,,0,0,0,0,Equity Shares,500,459528,Buy,-,https://archives.nseindia.com/corporate/xbrl/IT_1143534_806050_28032023051135_WEB.xml,Promoter Group,Nil,0,467299,Equity Shares,500,0,27-Mar-2023,27-Mar-2023,28-Mar-2023,Market Purchase,-,NSE,-
RSWM,RSWM Limited,7(2),RLJ FAMILY TRUSTEESHIP PRIVATE LIMITED (BEING TRUSTEE OF RAVI JHUNJHUNWALA FAMILY TRUST),28-Mar-2023 17:11,1143533,,0,0,0,0,Equity Shares,500,459527,Buy,-,https://archives.nseindia.com/corporate/xbrl/IT_1143533_806049_28032023051135_WEB.xml,Promoter Group,Nil,0,74209,Equity Shares,500,0,27-Mar-2023,27-Mar-2023,28-Mar-2023,Market Purchase,-,NSE,-
STARCEMENT,Star Cement Limited,7(2),SACHIN CHAMARIA,28-Mar-2023 17:06,1143529,,0,0,0,0,Equity Shares,800000,459524,Sell,-,https://archives.nseindia.com/corporate/xbrl/IT_1143529_806043_28032023050641_WEB.xml,Promoter Group,8793015,2.18,95912080,Equity Shares,7993015,1.98,23-Mar-2023,23-Mar-2023,27-Mar-2023,Market Sale,-,BSE,-
STARCEMENT,Star Cement Limited,7(2),RAHUL CHAMARIA,28-Mar-2023 17:06,1143528,,0,0,0,0,Equity Shares,825542,459523,Sell,-,https://archives.nseindia.com/corporate/xbrl/IT_1143528_806041_28032023050601_WEB.xml,Promoter Group,5398327,1.34,98974313,Equity Shares,4572785,1.13,23-Mar-2023,23-Mar-2023,27-Mar-2023,Market Sale,-,BSE,-
INDOAMIN,Indo Amines Limited,7(2),Marvel Indenting Private Limited,28-Mar-2023 17:03,1143525,,0,0,0,0,Equity Shares,26860,459520,Sell,-,https://archives.nseindia.com/corporate/xbrl/IT_1143525_806037_28032023050315_WEB.xml,Promoter Group,575106,0.81,1897390,Equity Shares,548246,0.78,28-Mar-2023,28-Mar-2023,28-Mar-2023,Market Sale,-,NSE,-
INDOAMIN,Indo Amines Limited,7(2),Marvel Indenting Private Limited,28-Mar-2023 17:03,1143525,,0,0,0,0,Equity Shares,46516,459519,Sell,-,https://archives.nseindia.com/corporate/xbrl/IT_1143525_806037_28032023050315_WEB.xml,Promoter Group,621622,0.88,3459860,Equity Shares,575106,0.81,27-Mar-2023,27-Mar-2023,28-Mar-2023,Market Sale,-,NSE,-
STARCEMENT,Star Cement Limited,7(2),Yash Bala Bhajanka,28-Mar-2023 16:58,1143523,,0,0,0,0,Equity Shares,200000,459516,Buy,-,https://archives.nseindia.com/corporate/xbrl/IT_1143523_806034_28032023045856_WEB.xml,Promoter Group,4307778,1.07,23264668,Equity Shares,4507778,1.12,23-Mar-2023,23-Mar-2023,27-Mar-2023,Market Purchase,-,NSE,-
KSCL,Kaveri Seed Company Limited,7(3),Basavaraj Huggi,28-Mar-2023 16:56,1143521,,0,0,0,0,Equity Shares,2000,459514,Sell,-,https://archives.nseindia.com/corporate/xbrl/IT_1143521_806029_28032023045639_WEB.xml,-,2000,0,1012784,Equity Shares,Nil,0,27-Mar-2023,27-Mar-2023,28-Mar-2023,ESOP,-,NSE,-
KSCL,Kaveri Seed Company Limited,7(3),Kaveri Employees Trust,28-Mar-2023 16:56,1143521,,0,0,0,0,Equity Shares,2000,459513,Sell,-,https://archives.nseindia.com/corporate/xbrl/IT_1143521_806029_28032023045639_WEB.xml,-,875491,1.57,1012784,Equity Shares,873491,1.56,27-Mar-2023,27-Mar-2023,27-Mar-2023,Market Sale,-,NSE,-
STARCEMENT,Star Cement Limited,7(2),Prem Kumar Bhajanka,28-Mar-2023 16:54,1143520,,0,0,0,0,Equity Shares,1800000,459512,Buy,-,https://archives.nseindia.com/corporate/xbrl/IT_1143520_806026_28032023045416_WEB.xml,Promoters,37685295,9.32,215063975,Equity Shares,39485295,9.77,23-Mar-2023,23-Mar-2023,27-Mar-2023,Market Purchase,-,NSE,-
GODREJAGRO,Godrej Agrovet Limited,7(2),TAD Family Trust,28-Mar-2023 16:50,1143518,,0,0,0,0,Equity Shares,122000,459510,Sell,-,https://archives.nseindia.com/corporate/xbrl/IT_1143518_806014_28032023045010_WEB.xml,Promoter Group,767151,0.4,50263946,Equity Shares,645151,0.34,24-Mar-2023,24-Mar-2023,28-Mar-2023,Market Sale,-,BSE,-
GODREJAGRO,Godrej Agrovet Limited,7(2),Tanya Dubash,28-Mar-2023 16:50,1143518,,0,0,0,0,Equity Shares,122000,459509,Buy,-,https://archives.nseindia.com/corporate/xbrl/IT_1143518_806014_28032023045010_WEB.xml,Promoter Group,93884,0.05,50263998,Equity Shares,215884,0.11,24-Mar-2023,24-Mar-2023,28-Mar-2023,Market Purchase,-,BSE,-
LALPATHLAB,Dr. Lal Path Labs Ltd.,7(2),Rahul Sharma,28-Mar-2023 16:44,1143515,,0,0,0,0,Equity Shares,1500,459504,Sell,-,https://archives.nseindia.com/corporate/xbrl/IT_1143515_806010_28032023044442_WEB.xml,Director,5620,0.01,2748595,Equity Shares,4120,0.01,23-Mar-2023,23-Mar-2023,24-Mar-2023,Market Sale,-,NSE,-
NCLIND,NCL Industries Limited,7(2),K.Pooja,28-Mar-2023 16:41,1143514,,0,0,0,0,Equity Shares,20175,459503,Buy,-,https://archives.nseindia.com/corporate/xbrl/IT_1143514_806007_28032023044113_WEB.xml,Director,1482343,3.28,3571782,Equity Shares,1502518,3.32,28-Mar-2023,28-Mar-2023,28-Mar-2023,Market Purchase,-,NSE,-
CENTRUM,Centrum Capital Limited,7(2),JBCG ADVISORY SERVICES PRIVATE LIMTIED,28-Mar-2023 16:36,1143511,,0,0,0,0,Equity Shares,4000,459499,Buy,-,https://archives.nseindia.com/corporate/xbrl/IT_1143511_806004_28032023043633_WEB.xml,Promoter Group,24287537,5.84,79720,Equity Shares,24291537,5.84,27-Mar-2023,27-Mar-2023,28-Mar-2023,Market Purchase,-,BSE,-
CENTRUM,Centrum Capital Limited,7(2),JBCG ADVISORY SERVICES PRIVATE LIMTIED,28-Mar-2023 16:36,1143511,,0,0,0,0,Equity Shares,96000,459500,Buy,-,https://archives.nseindia.com/corporate/xbrl/IT_1143511_806004_28032023043633_WEB.xml,Promoter Group,24291537,5.84,1905522,Equity Shares,24387537,5.86,27-Mar-2023,27-Mar-2023,28-Mar-2023,Market Purchase,-,NSE,-
JAICORPLTD,Jai Corp Limited,7(2),NK Trust,28-Mar-2023 16:18,1143510,,0,0,0,0,Equity Shares,100000,459498,Buy,-,https://archives.nseindia.com/corporate/xbrl/IT_1143510_805997_28032023041848_WEB.xml,Promoters,10527100,5.9,12907444,Equity Shares,10627100,5.96,27-Mar-2023,27-Mar-2023,28-Mar-2023,Market Purchase,-,NSE,-
JAICORPLTD,Jai Corp Limited,7(2),Ms. Ruchi Jain Hanasoge,28-Mar-2023 16:18,1143510,,0,0,0,0,Equity Shares,201192,459497,Buy,-,https://archives.nseindia.com/corporate/xbrl/IT_1143510_805997_28032023041848_WEB.xml,Promoters,21745774,12.19,26031379,Equity Shares,21946966,12.3,24-Mar-2023,27-Mar-2023,28-Mar-2023,Market Purchase,-,NSE,-
MTARTECH,Mtar Technologies Limited,7(2),KAVITHA REDDY GANGAPATNAM,28-Mar-2023 16:16,1143509,,0,0,0,0,Equity Shares,93320,459496,Sell,-,https://archives.nseindia.com/corporate/xbrl/IT_1143509_805994_28032023041629_WEB.xml,Promoters,1088766,3.54,146404521,Equity Shares,995446,3.24,24-Mar-2023,27-Mar-2023,27-Mar-2023,Market Sale,-,NSE,-
HFCL,HFCL Limited,7(2),HFCL Employees Trust,28-Mar-2023 16:12,1143507,,0,0,0,0,Equity Shares,88100,459494,Sell,-,https://archives.nseindia.com/corporate/xbrl/IT_1143507_805987_28032023041243_WEB.xml,Other,1470300,0.11,1819265,Equity Shares,1382200,0.1,27-Mar-2023,27-Mar-2023,28-Mar-2023,Off Market,-,NA,-
MFSL,Max Financial Services Limited,7(2),MAX VENTURES INVESTMENT HOLDINGS PRIVATE LIMITED,28-Mar-2023 16:11,1143505,,0,0,0,0,Equity Shares,1499997,459492,Sell,-,https://archives.nseindia.com/corporate/xbrl/IT_1143505_805982_28032023041132_WEB.xml,Promoters,39095920,11.33,944623111,Equity Shares,37595923,10.89,22-Mar-2023,22-Mar-2023,24-Mar-2023,Market Sale,-,NSE,-
VINEETLAB,Vineet Laboratories Limited,7(2),SATYANARAYANA RAJU BHUPATHIRAJU,28-Mar-2023 16:00,1143503,,0,0,0,0,Equity Shares,4500,459490,Buy,-,https://archives.nseindia.com/corporate/xbrl/IT_1143503_805974_28032023040001_WEB.xml,Director,512987,5.56,187290,Equity Shares,517487,5.61,23-Mar-2023,23-Mar-2023,27-Mar-2023,Market Purchase,-,NSE,-
360ONE,360 ONE WAM LIMITED,7(2),Mehul Jani,28-Mar-2023 15:53,1143500,,0,0,0,0,Equity Shares,48784,459486,Sell,-,https://archives.nseindia.com/corporate/xbrl/IT_1143500_805969_28032023035310_WEB.xml,-,49184,0.01,20931162,Equity Shares,400,0,24-Mar-2023,24-Mar-2023,27-Mar-2023,Market Sale,-,NSE,-
VINEETLAB,Vineet Laboratories Limited,7(2),ALLURI SRINIVASA RAJU,28-Mar-2023 15:50,1143498,,0,0,0,0,Equity Shares,653,459484,Buy,-,https://archives.nseindia.com/corporate/xbrl/IT_1143498_805961_28032023035027_WEB.xml,Promoters,248819,2.7,27178,Equity Shares,249472,2.71,23-Mar-2023,23-Mar-2023,27-Mar-2023,Market Purchase,-,NSE,-
VINEETLAB,Vineet Laboratories Limited,7(2),GADDAM VENKATA RAMANA,28-Mar-2023 15:44,1143496,,0,0,0,0,Equity Shares,10000,459482,Buy,-,https://archives.nseindia.com/corporate/xbrl/IT_1143496_805958_28032023034448_WEB.xml,Director,815207,8.84,416205,Equity Shares,825207,8.95,23-Mar-2023,23-Mar-2023,27-Mar-2023,Market Purchase,-,NSE,-
SOBHA,Sobha Limited,7(2),Mr. Puthan N C Menon,28-Mar-2023 15:37,1143494,,0,0,0,0,Equity Shares,40000,459480,Buy,-,https://archives.nseindia.com/corporate/xbrl/IT_1143494_805955_28032023033738_WEB.xml,Promoters,17518313,18.47,17084618,Equity Shares,17558313,18.51,27-Mar-2023,27-Mar-2023,28-Mar-2023,Market Purchase,-,NSE,-
PIDILITIND,Pidilite Industries Limited,7(2),Sanjeev Aga,28-Mar-2023 15:17,1143492,,0,0,0,0,Equity Shares,798,459478,Sell,-,https://archives.nseindia.com/corporate/xbrl/IT_1143492_805941_28032023031756_WEB.xml,Director,798,0,1873411,Equity Shares,Nil,0,27-Mar-2023,27-Mar-2023,27-Mar-2023,Market Sale,-,NSE,-
ASIANTILES,Asian Granito India Limited,7(2),Gitaben R. Patel,28-Mar-2023 15:10,1143490,,0,0,0,0,Equity Shares,162300,459476,Sell,-,https://archives.nseindia.com/corporate/xbrl/IT_1143490_805934_28032023031004_WEB.xml,Promoter Group,162300,0.13,0,Equity Shares,Nil,0,24-Mar-2023,24-Mar-2023,27-Mar-2023,Gift,-,NA,-
ASIANTILES,Asian Granito India Limited,7(2),Bhogilal B Patel,28-Mar-2023 15:10,1143490,,0,0,0,0,Equity Shares,162300,459475,Buy,-,https://archives.nseindia.com/corporate/xbrl/IT_1143490_805934_28032023031004_WEB.xml,Promoter Group,935929,0.74,0,Equity Shares,1098229,0.87,24-Mar-2023,24-Mar-2023,27-Mar-2023,Gift,-,NA,-
HATSUN,Hatsun Agro Product Limited,7(2),V Sriram,28-Mar-2023 14:56,1143487,,0,0,0,0,Equity Shares,116000,459472,Pledge,-,https://archives.nseindia.com/corporate/xbrl/IT_1143487_805929_28032023025630_WEB.xml,Other,538368,0.24,96842600,Equity Shares,538368,0.24,27-Mar-2023,27-Mar-2023,27-Mar-2023,Pledge Creation,-,NA,-
ASIANTILES,Asian Granito India Limited,7(2),Hinaben K. Patel,28-Mar-2023 14:56,1143486,,0,0,0,0,Equity Shares,1075000,459464,Buy,-,https://archives.nseindia.com/corporate/xbrl/IT_1143486_805927_28032023025625_WEB.xml,Promoter Group,Nil,0,43000000,Equity Shares,1075000,0.85,24-Mar-2023,27-Mar-2023,27-Mar-2023,Inter-se-Transfer,-,NA,-
ASIANTILES,Asian Granito India Limited,7(2),Rameshbhai B. Patel,28-Mar-2023 14:56,1143486,,0,0,0,0,Equity Shares,1582668,459470,Sell,-,https://archives.nseindia.com/corporate/xbrl/IT_1143486_805927_28032023025625_WEB.xml,Promoters,1864283,1.47,63306720,Equity Shares,281615,0.22,24-Mar-2023,24-Mar-2023,27-Mar-2023,Inter-se-Transfer,-,NA,-
ASIANTILES,Asian Granito India Limited,7(2),Chhayaben S Patel,28-Mar-2023 14:56,1143486,,0,0,0,0,Equity Shares,1800000,459469,Buy,-,https://archives.nseindia.com/corporate/xbrl/IT_1143486_805927_28032023025625_WEB.xml,Promoter Group,Nil,0,72000000,Equity Shares,1800000,1.42,24-Mar-2023,24-Mar-2023,27-Mar-2023,Inter-se-Transfer,-,NA,-
ASIANTILES,Asian Granito India Limited,7(2),Sureshbhai J. Patel,28-Mar-2023 14:56,1143486,,0,0,0,0,Equity Shares,1800000,459468,Sell,-,https://archives.nseindia.com/corporate/xbrl/IT_1143486_805927_28032023025625_WEB.xml,Promoter Group,5298481,4.18,72000000,Equity Shares,3498481,2.76,24-Mar-2023,24-Mar-2023,27-Mar-2023,Inter-se-Transfer,-,NA,-
ASIANTILES,Asian Granito India Limited,7(2),Bhanuben M Patel,28-Mar-2023 14:56,1143486,,0,0,0,0,Equity Shares,350000,459467,Buy,-,https://archives.nseindia.com/corporate/xbrl/IT_1143486_805927_28032023025625_WEB.xml,Promoter Group,Nil,0,14000000,Equity Shares,350000,0.28,24-Mar-2023,24-Mar-2023,27-Mar-2023,Inter-se-Transfer,-,NA,-
ASIANTILES,Asian Granito India Limited,7(2),Dimpalben B. Patel,28-Mar-2023 14:56,1143486,,0,0,0,0,Equity Shares,1582668,459471,Buy,-,https://archives.nseindia.com/corporate/xbrl/IT_1143486_805927_28032023025625_WEB.xml,Promoter Group,Nil,0,63306720,Equity Shares,1582668,1.25,24-Mar-2023,24-Mar-2023,27-Mar-2023,Inter-se-Transfer,-,NA,-
ASIANTILES,Asian Granito India Limited,7(2),Kamleshkumar Bhagubhai Patel,28-Mar-2023 14:56,1143486,,0,0,0,0,Equity Shares,1075000,459465,Sell,-,https://archives.nseindia.com/corporate/xbrl/IT_1143486_805927_28032023025625_WEB.xml,Promoters,9392258,7.41,43000000,Equity Shares,8317258,6.56,24-Mar-2023,27-Mar-2023,27-Mar-2023,Inter-se-Transfer,-,NA,-
ASIANTILES,Asian Granito India Limited,7(2),Mukeshbhai J. Patel,28-Mar-2023 14:56,1143486,,0,0,0,0,Equity Shares,350000,459466,Sell,-,https://archives.nseindia.com/corporate/xbrl/IT_1143486_805927_28032023025625_WEB.xml,Promoters,5298481,4.18,14000000,Equity Shares,4948481,3.9,24-Mar-2023,24-Mar-2023,27-Mar-2023,Inter-se-Transfer,-,NA,-
SHAKTIPUMP,Shakti Pumps (India) Limited,7(2),Vintex Tools Private Limited,28-Mar-2023 14:41,1143483,,0,0,0,0,Equity Shares,13500,459454,Buy,-,https://archives.nseindia.com/corporate/xbrl/IT_1143483_805919_28032023024126_WEB.xml,Promoter Group,756000,4.11,5379048,Equity Shares,769500,4.18,27-Mar-2023,27-Mar-2023,28-Mar-2023,Market Purchase,-,NSE,-
JAMNAAUTO,Jamna Auto Industries Limited,7(2),Mr. Ashok Kumar Goyal,28-Mar-2023 14:03,1143479,,0,0,0,0,Equity Shares,20000,459450,Buy,-,https://archives.nseindia.com/corporate/xbrl/IT_1143479_805916_28032023020342_WEB.xml,-,324000,0,1000000,Equity Shares,344000,0,25-Mar-2023,25-Mar-2023,27-Mar-2023,ESOP,-,NA,-
JAMNAAUTO,Jamna Auto Industries Limited,7(2),Mr. Bhupinder Singh,28-Mar-2023 14:03,1143479,,0,0,0,0,Equity Shares,24000,459449,Buy,-,https://archives.nseindia.com/corporate/xbrl/IT_1143479_805916_28032023020342_WEB.xml,Employees/Designated Employees,105,0,1200000,Equity Shares,24105,0,25-Mar-2023,25-Mar-2023,27-Mar-2023,ESOP,-,NA,-
JAMNAAUTO,Jamna Auto Industries Limited,7(2),Mr. Sunil Laroiya,28-Mar-2023 14:03,1143479,,0,0,0,0,Equity Shares,20000,459448,Buy,-,https://archives.nseindia.com/corporate/xbrl/IT_1143479_805916_28032023020342_WEB.xml,-,527915,0,1000000,Equity Shares,547915,0,25-Mar-2023,25-Mar-2023,27-Mar-2023,ESOP,-,NA,-
JAMNAAUTO,Jamna Auto Industries Limited,7(2),Mr. Permish Kumar Babbar,28-Mar-2023 14:03,1143479,,0,0,0,0,Equity Shares,20000,459447,Buy,-,https://archives.nseindia.com/corporate/xbrl/IT_1143479_805916_28032023020342_WEB.xml,-,4000,0,1000000,Equity Shares,24000,0,25-Mar-2023,25-Mar-2023,27-Mar-2023,ESOP,-,NA,-
AMEYA,Ameya Precision Engineers Limited,7(2),SHIRISH MADHUKAR PANDE,28-Mar-2023 13:58,1143477,,0,0,0,0,Equity Shares,20000,459442,Buy,-,https://archives.nseindia.com/corporate/xbrl/IT_1143477_805911_28032023015801_WEB.xml,Promoter Group,1799700,24,700000,Equity Shares,1819700,24.26,27-Mar-2023,27-Mar-2023,27-Mar-2023,Market Purchase,-,NSE,-
CONFIPET,Confidence Petroleum India Limited,7(2),CONFIDENCE LPG BOTTLING PRIVATE LIMITED,28-Mar-2023 13:05,1143472,,0,0,0,0,Equity Shares,335000,459437,Buy,-,https://archives.nseindia.com/corporate/xbrl/IT_1143472_805890_28032023010544_WEB.xml,Promoter Group,8955380,3.15,19473550,Equity Shares,9290380,3.27,27-Mar-2023,27-Mar-2023,28-Mar-2023,Market Purchase,-,NSE,-
CTE,Cambridge Technology Enterprises Limited,7(2),Anuradha Kalra,28-Mar-2023 12:39,1143468,,0,0,0,0,Equity Shares,24012,459433,Buy,-,https://archives.nseindia.com/corporate/xbrl/IT_1143468_805871_28032023123904_WEB.xml,Immediate relative,207068,1.05,1223495,Equity Shares,231080,1.18,22-Mar-2023,24-Mar-2023,27-Mar-2023,Market Purchase,-,NSE,-
AMBUJACEM,Ambuja Cements Limited,7(2),SHIKHA SOOD,28-Mar-2023 12:24,1143466,,0,0,0,0,Equity Shares,20000,459431,Sell,-,https://archives.nseindia.com/corporate/xbrl/IT_1143466_805863_28032023122432_WEB.xml,Employees/Designated Employees,54000,0,7421400,Equity Shares,34000,0,27-Mar-2023,27-Mar-2023,28-Mar-2023,Market Sale,-,NSE,-
WSI,W S Industries (I) Limited,7(2),C. K. Venkatachalam,28-Mar-2023 12:13,1143463,,0,0,0,0,Equity Shares,447572,459424,Buy,-,https://archives.nseindia.com/corporate/xbrl/IT_1143463_805855_28032023121345_WEB.xml,Promoters,2222354,5.97,17902880,Equity Shares,2669926,6.39,23-Mar-2023,23-Mar-2023,27-Mar-2023,Conversion of security,-,NA,-
WSI,W S Industries (I) Limited,7(2),S.Nagarajan,28-Mar-2023 12:13,1143463,,0,0,0,0,Equity Shares,867006,459428,Buy,-,https://archives.nseindia.com/corporate/xbrl/IT_1143463_805855_28032023121345_WEB.xml,Promoters,4442511,11.93,34680240,Equity Shares,5309517,12.7,23-Mar-2023,23-Mar-2023,27-Mar-2023,Conversion of security,-,NA,-
WSI,W S Industries (I) Limited,7(2),Aravindan,28-Mar-2023 12:13,1143463,,0,0,0,0,Equity Shares,447572,459427,Buy,-,https://archives.nseindia.com/corporate/xbrl/IT_1143463_805855_28032023121345_WEB.xml,Promoters,2079973,5.58,17902880,Equity Shares,2527545,6.05,23-Mar-2023,23-Mar-2023,27-Mar-2023,Conversion of security,-,NA,-
WSI,W S Industries (I) Limited,7(2),Trineva Infra Projects Private Limited,28-Mar-2023 12:13,1143463,,0,0,0,0,Equity Shares,895142,459429,Buy,-,https://archives.nseindia.com/corporate/xbrl/IT_1143463_805855_28032023121345_WEB.xml,Promoters,4301828,11.55,35805680,Equity Shares,5196970,12.43,23-Mar-2023,23-Mar-2023,27-Mar-2023,Conversion of security,-,NA,-
WSI,W S Industries (I) Limited,7(2),C. K. Balasubramaniam,28-Mar-2023 12:13,1143463,,0,0,0,0,Equity Shares,447572,459425,Buy,-,https://archives.nseindia.com/corporate/xbrl/IT_1143463_805855_28032023121345_WEB.xml,Promoters,2079473,5.58,17902880,Equity Shares,2527045,6.05,23-Mar-2023,23-Mar-2023,27-Mar-2023,Conversion of security,-,NA,-
WSI,W S Industries (I) Limited,7(2),S. Anandavadivel,28-Mar-2023 12:13,1143463,,0,0,0,0,Equity Shares,447572,459426,Buy,-,https://archives.nseindia.com/corporate/xbrl/IT_1143463_805855_28032023121345_WEB.xml,Promoters,2221854,5.96,17902880,Equity Shares,2669426,6.39,23-Mar-2023,23-Mar-2023,27-Mar-2023,Conversion of security,-,NA,-
SDBL,Som Distilleries & Breweries Limited,7(2),DEEPAK ARORA,28-Mar-2023 12:10,1143461,,0,0,0,0,Equity Shares,10000,459417,Buy,-,https://archives.nseindia.com/corporate/xbrl/IT_1143461_805852_28032023121000_WEB.xml,Promoters,784010,1.06,1389180,Equity Shares,794010,1.07,27-Mar-2023,27-Mar-2023,27-Mar-2023,Market Purchase,-,NSE,-
ALMONDZ,Almondz Global Securities Limited,7(2),Avonmore Capital & Management Services Ltd,28-Mar-2023 12:06,1143459,,0,0,0,0,Equity Shares,1540,459415,Buy,-,https://archives.nseindia.com/corporate/xbrl/IT_1143459_805847_28032023120628_WEB.xml,Promoters,15122653,58.42,94692,Equity Shares,15124193,58.42,27-Mar-2023,27-Mar-2023,28-Mar-2023,Market Purchase,-,BSE,-
ALMONDZ,Almondz Global Securities Limited,7(2),Avonmore Capital & Management Services Ltd,28-Mar-2023 12:06,1143459,,0,0,0,0,Equity Shares,1763,459414,Buy,-,https://archives.nseindia.com/corporate/xbrl/IT_1143459_805847_28032023120628_WEB.xml,Promoters,15120890,58.41,108377,Equity Shares,15122653,58.42,27-Mar-2023,27-Mar-2023,28-Mar-2023,Market Purchase,-,NSE,-
HAL,Hindustan Aeronautics Limited,7(2),THE PRESIDENT OF INDIA,28-Mar-2023 11:56,1143457,,0,0,0,0,Equity Shares,10533206,459410,Sell,-,https://archives.nseindia.com/corporate/xbrl/IT_1143457_805839_28032023115601_WEB.xml,Promoters,251292407,75.15,26139502529,Equity Shares,240759201,72,23-Mar-2023,23-Mar-2023,27-Mar-2023,Market Sale,-,"BSE,NSE",-
HAL,Hindustan Aeronautics Limited,7(2),THE PRESIDENT OF INDIA,28-Mar-2023 11:56,1143457,,0,0,0,0,Equity Shares,1170357,459411,Sell,-,https://archives.nseindia.com/corporate/xbrl/IT_1143457_805839_28032023115601_WEB.xml,Promoters,240759201,72,2904810061,Equity Shares,239588844,71.65,24-Mar-2023,24-Mar-2023,27-Mar-2023,Market Sale,-,"BSE,NSE",-
TRIDENT,Trident Limited,7(2),Madhuraj Foundation,28-Mar-2023 11:43,1143455,,0,0,0,0,Equity Shares,12385000,459407,Buy,-,https://archives.nseindia.com/corporate/xbrl/IT_1143455_805834_28032023114350_WEB.xml,Promoter Group,1370637010,26.9,319350856,Equity Shares,1383022010,27.14,27-Mar-2023,27-Mar-2023,27-Mar-2023,Market Purchase,-,NSE,-
FUSION,Fusion Micro Finance Limited,7(2),PANKAJ KUMAR,28-Mar-2023 10:38,1143449,,0,0,0,0,Equity Shares,2400,459403,Sell,-,https://archives.nseindia.com/corporate/xbrl/IT_1143449_805811_28032023103821_WEB.xml,-,5600,0,970920,Equity Shares,3200,0,23-Mar-2023,23-Mar-2023,24-Mar-2023,Market Sale,-,NSE,-
UPL,UPL Limited,7(2),Suresight Ventures Limited,27-Mar-2023 19:25,1143446,,0,0,0,0,ADR/GDR/FCCB,1549950,459400,Buy,-,https://archives.nseindia.com/corporate/xbrl/IT_1143446_805767_27032023072459_WEB.xml,Promoter Group,5016290,1.33,2204780699,ADR/GDR/FCCB,6566240,1.74,21-Mar-2023,22-Mar-2023,23-Mar-2023,Market Purchase,-,NA,-
UPL,UPL Limited,7(2),Suresight Ventures Limited,27-Mar-2023 19:25,1143446,,0,0,0,0,ADR/GDR/FCCB,772950,459401,Buy,-,https://archives.nseindia.com/corporate/xbrl/IT_1143446_805767_27032023072459_WEB.xml,Promoter Group,6566240,1.74,1095471118,ADR/GDR/FCCB,7339190,1.95,23-Mar-2023,23-Mar-2023,27-Mar-2023,Market Purchase,-,NA,-
JMFINANCIL,JM Financial Limited,7(2),Rajesh Shah,27-Mar-2023 19:15,1143445,,0,0,0,0,Equity Shares,7281,459399,Buy,-,https://archives.nseindia.com/corporate/xbrl/IT_1143445_805757_27032023071551_WEB.xml,Employees/Designated Employees,Nil,0,437224,Equity Shares,7281,0,21-Mar-2023,21-Mar-2023,23-Mar-2023,ESOP,-,NA,-
JMFINANCIL,JM Financial Limited,7(2),Jiten Tirathdas Tanna,27-Mar-2023 19:15,1143445,,0,0,0,0,Equity Shares,3235,459398,Buy,-,https://archives.nseindia.com/corporate/xbrl/IT_1143445_805757_27032023071551_WEB.xml,Employees/Designated Employees,31427,0,194262,Equity Shares,34662,0,21-Mar-2023,21-Mar-2023,23-Mar-2023,ESOP,-,NA,-
JMFINANCIL,JM Financial Limited,7(2),Vikas Kothari,27-Mar-2023 19:15,1143445,,0,0,0,0,Equity Shares,6209,459397,Buy,-,https://archives.nseindia.com/corporate/xbrl/IT_1143445_805757_27032023071551_WEB.xml,Employees/Designated Employees,51171,0.01,372850,Equity Shares,57380,0.01,21-Mar-2023,21-Mar-2023,23-Mar-2023,ESOP,-,NA,-
SHRENIK,Shrenik Limited,7(2),Shrenik Sudhir Vimawala,27-Mar-2023 18:48,1143443,,0,0,0,0,Equity Shares,39792,459394,Sell,-,https://archives.nseindia.com/corporate/xbrl/IT_1143443_805746_27032023064812_WEB.xml,Promoters,258718929,42.27,39270,Equity Shares,258679137,42.26,23-Mar-2023,27-Mar-2023,27-Mar-2023,Market Sale,-,NSE,-
SHRENIK,Shrenik Limited,7(2),Shrenik Sudhir Vimawala,27-Mar-2023 18:45,1143441,,0,0,0,0,Equity Shares,300000,459391,Pledge Invoke,-,https://archives.nseindia.com/corporate/xbrl/IT_1143441_805741_27032023064528_WEB.xml,Promoters,259018929,42.32,300000,Equity Shares,258718929,42.27,23-Mar-2023,23-Mar-2023,27-Mar-2023,Invocation of pledge,-,NA,-
BIOCON,Biocon Limited,7(3),SIVA ARUNACHALAM A,27-Mar-2023 18:39,1143439,,0,0,0,0,Equity Shares,11174,459387,Sell,-,https://archives.nseindia.com/corporate/xbrl/IT_1143439_805738_27032023063907_WEB.xml,-,11174,0,2270629,Equity Shares,Nil,0,23-Mar-2023,23-Mar-2023,24-Mar-2023,Market Sale,-,NSE,-
SUNTECK,Sunteck Realty Limited,7(2),Matrabhav Trust through its trustees Kamal Khetan and Manisha Khetan,27-Mar-2023 18:26,1143435,,0,0,0,0,Equity Shares,20000,459382,Buy,-,https://archives.nseindia.com/corporate/xbrl/IT_1143435_805732_27032023062643_WEB.xml,Promoters,46672225,31.87,5933842,Equity Shares,46692225,31.88,23-Mar-2023,24-Mar-2023,27-Mar-2023,Market Purchase,-,NSE,-
TEXRAIL,Texmaco Rail & Engineering Limited,7(2),Adventz Finance Private Limited,27-Mar-2023 18:24,1143433,,0,0,0,0,Equity Shares,28641,459380,Buy,-,https://archives.nseindia.com/corporate/xbrl/IT_1143433_805723_27032023062428_WEB.xml,Promoter Group,25048308,7.78,1285981,Equity Shares,25076949,7.79,24-Mar-2023,24-Mar-2023,25-Mar-2023,Market Purchase,-,NSE,-
TEXRAIL,Texmaco Rail & Engineering Limited,7(2),Akshay Poddar,27-Mar-2023 18:24,1143433,,0,0,0,0,Equity Shares,250000,459378,Buy,-,https://archives.nseindia.com/corporate/xbrl/IT_1143433_805723_27032023062428_WEB.xml,Promoter Group,14820,0,11078045,Equity Shares,264820,0.08,21-Mar-2023,22-Mar-2023,23-Mar-2023,Market Purchase,-,NSE,-
TEXRAIL,Texmaco Rail & Engineering Limited,7(2),Adventz Finance Private Limited,27-Mar-2023 18:24,1143433,,0,0,0,0,Equity Shares,500000,459377,Buy,-,https://archives.nseindia.com/corporate/xbrl/IT_1143433_805723_27032023062428_WEB.xml,Promoter Group,24476949,7.6,22172349,Equity Shares,24976949,7.76,21-Mar-2023,22-Mar-2023,23-Mar-2023,Market Purchase,-,NSE,-
TEXRAIL,Texmaco Rail & Engineering Limited,7(2),SAROJ KUMAR PODDAR,27-Mar-2023 18:24,1143433,,0,0,0,0,Equity Shares,150000,459376,Buy,-,https://archives.nseindia.com/corporate/xbrl/IT_1143433_805723_27032023062428_WEB.xml,Promoter Group,23747800,7.38,6605998,Equity Shares,23897800,7.42,21-Mar-2023,22-Mar-2023,23-Mar-2023,Market Purchase,-,NSE,-
TEXRAIL,Texmaco Rail & Engineering Limited,7(2),Adventz Finance Private Limited,27-Mar-2023 18:24,1143433,,0,0,0,0,Equity Shares,71359,459379,Buy,-,https://archives.nseindia.com/corporate/xbrl/IT_1143433_805723_27032023062428_WEB.xml,Promoter Group,24976949,7.76,3216378,Equity Shares,25048308,7.78,23-Mar-2023,23-Mar-2023,24-Mar-2023,Market Purchase,-,NSE,-
CHAMBLFERT,Chambal Fertilizers & Chemicals Limited,7(2),Zuari Industries Limited (formerly Zuari Global Limited),27-Mar-2023 18:14,1143431,,0,0,0,0,Equity Shares,25000,459374,Pledge,-,https://archives.nseindia.com/corporate/xbrl/IT_1143431_805720_27032023061456_WEB.xml,Promoters,59017307,14.18,6758750,Equity Shares,59017307,14.18,22-Mar-2023,22-Mar-2023,24-Mar-2023,Pledge Creation,-,NA,-
EMAMILTD,Emami Limited,7(2),DIWAKAR FINVEST PRIVATE LIMITED,27-Mar-2023 17:59,1143429,,0,0,0,0,Equity Shares,1390000,459367,Pledge,-,https://archives.nseindia.com/corporate/xbrl/IT_1143429_805694_27032023055842_WEB.xml,Promoter Group,98667956,22.37,506099000,Equity Shares,98667956,22.37,23-Mar-2023,23-Mar-2023,24-Mar-2023,Pledge Creation,-,NA,-
EMAMILTD,Emami Limited,7(2),DIWAKAR FINVEST PRIVATE LIMITED,27-Mar-2023 17:59,1143429,,0,0,0,0,Equity Shares,100000,459368,Pledge Revoke,-,https://archives.nseindia.com/corporate/xbrl/IT_1143429_805694_27032023055842_WEB.xml,Promoter Group,98667956,22.37,36255000,Equity Shares,98667956,22.37,24-Mar-2023,24-Mar-2023,24-Mar-2023,Revokation of Pledge,-,NA,-
EMAMILTD,Emami Limited,7(2),DIWAKAR FINVEST PRIVATE LIMITED,27-Mar-2023 17:59,1143429,,0,0,0,0,Equity Shares,400000,459366,Pledge Revoke,-,https://archives.nseindia.com/corporate/xbrl/IT_1143429_805694_27032023055842_WEB.xml,Promoter Group,98667956,22.37,145640000,Equity Shares,98667956,22.37,23-Mar-2023,23-Mar-2023,24-Mar-2023,Revokation of Pledge,-,NA,-
EMAMILTD,Emami Limited,7(2),SURAJ FINVEST PRIVATE LIMITED,27-Mar-2023 17:59,1143429,,0,0,0,0,Equity Shares,85000,459365,Pledge,-,https://archives.nseindia.com/corporate/xbrl/IT_1143429_805694_27032023055842_WEB.xml,Promoter Group,105720226,23.96,31135500,Equity Shares,105720226,23.96,22-Mar-2023,22-Mar-2023,24-Mar-2023,Pledge Creation,-,NA,-
BERGEPAINT,Berger Paints (I) Limited,7(2),Ranjit Chakravorty,27-Mar-2023 17:52,1143427,,0,0,0,0,Equity Shares,159,459360,Sell,-,https://archives.nseindia.com/corporate/xbrl/IT_1143427_805687_27032023055207_WEB.xml,Employees/Designated Employees,159,0,91194,Equity Shares,Nil,0,27-Mar-2023,27-Mar-2023,27-Mar-2023,Market Sale,-,NSE,-
BERGEPAINT,Berger Paints (I) Limited,7(2),Span India Private Limited,27-Mar-2023 17:52,1143427,,0,0,0,0,Equity Shares,1332,459359,Buy,-,https://archives.nseindia.com/corporate/xbrl/IT_1143427_805687_27032023055207_WEB.xml,Other,7030840,0.72,765740,Equity Shares,7032172,0,27-Mar-2023,27-Mar-2023,27-Mar-2023,Market Purchase,-,NSE,-
EUROBOND,Euro Panel Products Limited,7(2),RINKAL RAHUL GADA,27-Mar-2023 17:49,1143426,,0,0,0,0,Equity Shares,2000,459358,Sell,-,https://archives.nseindia.com/corporate/xbrl/IT_1143426_805684_27032023054949_WEB.xml,Employees/Designated Employees,690000,2.82,215340,Equity Shares,688000,2.81,22-Mar-2023,22-Mar-2023,24-Mar-2023,Market Sale,-,NSE,-
AEGISCHEM,Aegis Logistics Limited,7(2),Sujata Asthana,27-Mar-2023 17:41,1143423,,0,0,0,0,Equity Shares,5000,459354,Sell,-,https://archives.nseindia.com/corporate/xbrl/IT_1143423_805672_27032023054116_WEB.xml,Immediate relative,19721,0.01,1956750,Equity Shares,14721,0,23-Mar-2023,23-Mar-2023,25-Mar-2023,Market Sale,-,NSE,-
KPITTECH,KPIT Technologies Limited,7(2),KPIT TECHNOLOGIES LIMITED EMPLOYEES WELFARE TRUST,27-Mar-2023 17:34,1143421,,0,0,0,0,Equity Shares,7100,459352,Sell,-,https://archives.nseindia.com/corporate/xbrl/IT_1143421_805669_27032023053409_WEB.xml,Other,3547708,1.29,71000,Equity Shares,3540608,1.29,23-Mar-2023,23-Mar-2023,24-Mar-2023,ESOP,-,NA,-
JBCHEPHARM,JB Chemicals & Pharmaceuticals Limited,7(2),Lakshay Kataria,27-Mar-2023 17:16,1143419,,0,0,0,0,Equity Shares,2826,459350,Sell,-,https://archives.nseindia.com/corporate/xbrl/IT_1143419_805657_27032023051615_WEB.xml,Key Managerial Personnel,4480,0.01,5567358,Equity Shares,1654,0,24-Mar-2023,24-Mar-2023,27-Mar-2023,Market Sale,-,NSE,-
ECLERX,eClerx Services Limited,7(2),Eclerx Employee Welfare Trust,27-Mar-2023 16:48,1143416,,0,0,0,0,Equity Shares,2597,459347,Buy,-,https://archives.nseindia.com/corporate/xbrl/IT_1143416_805650_27032023044855_WEB.xml,Other,995178,2.03,3474279,Equity Shares,997775,2.04,24-Mar-2023,24-Mar-2023,24-Mar-2023,Market Purchase,-,NSE,-
AXISCADES,AXISCADES Technologies Limited,7(2),Sudhakar Gande,27-Mar-2023 16:36,1143413,,0,0,0,0,Equity Shares,12000,459344,Sell,-,https://archives.nseindia.com/corporate/xbrl/IT_1143413_805641_27032023043655_WEB.xml,Other,1466307,3.84,3396480,Equity Shares,1454307,3.81,22-Mar-2023,22-Mar-2023,23-Mar-2023,Market Sale,-,NSE,-
AXISCADES,AXISCADES Technologies Limited,7(2),Sudhakar Gande,27-Mar-2023 16:36,1143413,,0,0,0,0,Equity Shares,9000,459345,Sell,-,https://archives.nseindia.com/corporate/xbrl/IT_1143413_805641_27032023043655_WEB.xml,Other,1454307,3.81,2521890,Equity Shares,1445307,3.78,23-Mar-2023,23-Mar-2023,23-Mar-2023,Market Sale,-,NSE,-
JAICORPLTD,Jai Corp Limited,7(2),Mega Trust,27-Mar-2023 16:22,1143411,,0,0,0,0,Equity Shares,200000,459342,Buy,-,https://archives.nseindia.com/corporate/xbrl/IT_1143411_805622_27032023042246_WEB.xml,Promoters,7721617,4.33,26037268,Equity Shares,7921617,4.44,23-Mar-2023,24-Mar-2023,27-Mar-2023,Market Purchase,-,NSE,-
TTL,T T Limited,7(2),KALA DEVI JAIN,27-Mar-2023 16:21,1143410,,0,0,0,0,Equity Shares,500,459341,Buy,-,https://archives.nseindia.com/corporate/xbrl/IT_1143410_805620_27032023042133_WEB.xml,Promoter Group,39683,0.18,37488,Equity Shares,40183,0.19,17-Feb-2023,26-Mar-2023,27-Mar-2023,Market Purchase,-,NSE,-
TTL,T T Limited,7(2),HARDIK JAIN,27-Mar-2023 16:18,1143408,,0,0,0,0,Equity Shares,3328,459339,Buy,-,https://archives.nseindia.com/corporate/xbrl/IT_1143408_805617_27032023041836_WEB.xml,Promoter Group,863821,4.02,236622,Equity Shares,867149,4.03,24-Feb-2023,26-Mar-2023,27-Mar-2023,Market Purchase,-,NSE,-
BLBLIMITED,BLB Limited,7(2),Brij Rattan Bagri,27-Mar-2023 16:10,1143403,,0,0,0,0,Equity Shares,2500000,459327,Sell,-,https://archives.nseindia.com/corporate/xbrl/IT_1143403_805609_27032023041032_WEB.xml,Promoters,26474671,50.08,55050000,Equity Shares,23974671,45.35,24-Mar-2023,24-Mar-2023,27-Mar-2023,Market Sale,-,NSE,-
21STCENMGM,21st Century Management Services Limited,7(2),KARTHIK IYER,27-Mar-2023 16:08,1143401,,0,0,0,0,Equity Shares,3478,459325,Buy,-,https://archives.nseindia.com/corporate/xbrl/IT_1143401_805606_27032023040830_WEB.xml,Immediate relative,919127,8.75,69000,Equity Shares,922605,8.79,24-Mar-2023,27-Mar-2023,27-Mar-2023,Market Purchase,-,BSE,-
JAGRAN,Jagran Prakashan Limited,7(2),Jagran Media Network Investment Private Limited,27-Mar-2023 16:07,1143399,,0,0,0,0,Equity Shares,32834742,459323,Sell,-,https://archives.nseindia.com/corporate/xbrl/IT_1143399_805603_27032023040739_WEB.xml,Promoters,180765897,68.56,2462605650,Equity Shares,147931155,67.97,24-Mar-2023,24-Mar-2023,27-Mar-2023,Others,-,NSE,-
UNOMINDA,UNO Minda Limited,7(2),Rajiv Singh Rathore,27-Mar-2023 15:57,1143397,,0,0,0,0,Equity Shares,4400,459321,Buy,-,https://archives.nseindia.com/corporate/xbrl/IT_1143397_805599_27032023035702_WEB.xml,Employees/Designated Employees,29506,0.01,1966800,Equity Shares,33906,0.01,24-Mar-2023,24-Mar-2023,25-Mar-2023,Market Purchase,-,-,-
SSWL,Steel Strips Wheels Limited,7(2),PRANAV JAIN,27-Mar-2023 15:48,1143394,,0,0,0,0,Equity Shares,500,459317,Sell,-,https://archives.nseindia.com/corporate/xbrl/IT_1143394_805591_27032023034827_WEB.xml,Employees/Designated Employees,2500,0,78642,Equity Shares,2000,0,24-Mar-2023,24-Mar-2023,27-Mar-2023,Market Sale,-,NSE,-
UNOMINDA,UNO Minda Limited,7(2),VIKAS JAIN,27-Mar-2023 15:47,1143393,,0,0,0,0,Equity Shares,500,459316,Sell,-,https://archives.nseindia.com/corporate/xbrl/IT_1143393_805589_27032023034755_WEB.xml,Employees/Designated Employees,29940,0.01,229400,Equity Shares,29440,0.01,23-Mar-2023,23-Mar-2023,27-Mar-2023,Market Sale,-,NSE,-
AILIMITED,Abhishek Integrations Limited,7(2),ADITYA SANJAY DUBEY,27-Mar-2023 15:42,1143390,,0,0,0,0,Equity Shares,3000,459313,Buy,-,https://archives.nseindia.com/corporate/xbrl/IT_1143390_805583_27032023034233_WEB.xml,Promoter Group,12000,0.4,114000,Equity Shares,15000,0.5,27-Mar-2023,27-Mar-2023,27-Mar-2023,Market Purchase,-,NSE,-
AIAENG,AIA Engineering Limited,7(2),Balkrishna F. Shah HUF,27-Mar-2023 14:53,1143387,,0,0,0,0,Equity Shares,100,459310,Sell,-,https://archives.nseindia.com/corporate/xbrl/IT_1143387_805544_27032023025337_WEB.xml,Other,10978,0.01,288000,Equity Shares,10878,0.01,24-Mar-2023,24-Mar-2023,25-Mar-2023,Market Sale,-,NSE,-
PATELENG,Patel Engineering Limited,7(2),Raahitya Constructions Pvt Ltd (Formerly known as Patel Corporation LLP),27-Mar-2023 14:33,1143384,,0,0,0,0,Equity Shares,70000000,459308,Pledge,-,https://archives.nseindia.com/corporate/xbrl/IT_1143384_805526_27032023023322_WEB.xml,Promoters,232406527,30.04,1050000000,Equity Shares,232406527,30.04,23-Mar-2023,23-Mar-2023,24-Mar-2023,Pledge Creation,-,NA,-
REGENCERAM,Regency Ceramics Limited,7(2),GUDARU NARAIAH NAIDU,27-Mar-2023 14:33,1143383,,0,0,0,0,Equity Shares,2000000,459307,Pledge Revoke,-,https://archives.nseindia.com/corporate/xbrl/IT_1143383_805524_27032023023301_WEB.xml,Promoters,7275183,27.51,39700000,Equity Shares,7275183,27.51,25-Mar-2023,25-Mar-2023,25-Mar-2023,Revokation of Pledge,-,NA,-
PIDILITIND,Pidilite Industries Limited,7(2),A B Parekh Trustee of Ruchi India Trust,27-Mar-2023 14:28,1143381,,0,0,0,0,Equity Shares,36000,459303,Sell,-,https://archives.nseindia.com/corporate/xbrl/IT_1143381_805514_27032023022838_WEB.xml,Promoter Group,1947480,0.38,84746639,Equity Shares,1911480,0.38,24-Mar-2023,24-Mar-2023,24-Mar-2023,Market Sale,-,NSE,-
PIDILITIND,Pidilite Industries Limited,7(2),Sumitra Patel,27-Mar-2023 14:28,1143381,,0,0,0,0,Equity Shares,10000,459305,Pledge Revoke,-,https://archives.nseindia.com/corporate/xbrl/IT_1143381_805514_27032023022838_WEB.xml,Immediate relative,23792,0,0,Equity Shares,23792,0,23-Mar-2023,23-Mar-2023,24-Mar-2023,Revokation of Pledge,-,NA,-
PIDILITIND,Pidilite Industries Limited,7(2),Priykant Patel,27-Mar-2023 14:28,1143381,,0,0,0,0,Equity Shares,16000,459304,Pledge Revoke,-,https://archives.nseindia.com/corporate/xbrl/IT_1143381_805514_27032023022838_WEB.xml,Employees/Designated Employees,59356,0,0,Equity Shares,59356,0,23-Mar-2023,24-Mar-2023,24-Mar-2023,Revokation of Pledge,-,NA,-
NRBBEARING,NRB Bearing Limited,7(2),HARSHBEENA SAHNEY ZAVERI,27-Mar-2023 14:15,1143379,,0,0,0,0,Equity Shares,1781,459298,Buy,-,https://archives.nseindia.com/corporate/xbrl/IT_1143379_805503_27032023021513_WEB.xml,Promoters,11184573,11.54,236313,Equity Shares,11186354,11.54,24-Mar-2023,24-Mar-2023,24-Mar-2023,Market Purchase,-,NSE,-
NRBBEARING,NRB Bearing Limited,7(2),HARSHBEENA SAHNEY ZAVERI,27-Mar-2023 14:15,1143379,,0,0,0,0,Equity Shares,20932,459299,Buy,-,https://archives.nseindia.com/corporate/xbrl/IT_1143379_805503_27032023021513_WEB.xml,Promoters,11186354,11.54,2774632,Equity Shares,11207286,11.56,24-Mar-2023,24-Mar-2023,24-Mar-2023,Market Purchase,-,NSE,-
PDMJEPAPER,Pudumjee Paper Products Limited,7(2),THACKER AND COMPANY LIMITED,27-Mar-2023 14:13,1143378,,0,0,0,0,Equity Shares,18736,459297,Buy,-,https://archives.nseindia.com/corporate/xbrl/IT_1143378_805501_27032023021335_WEB.xml,Promoter Group,12986264,13.68,739903,Equity Shares,13005000,13.7,24-Mar-2023,24-Mar-2023,27-Mar-2023,Market Purchase,-,"BSE,NSE",-
MUKANDLTD,Mukand Limited,7(2),BARODA INDUSTRIES PVT LTD.,27-Mar-2023 14:08,1143375,,0,0,0,0,Equity Shares,26581,459292,Buy,-,https://archives.nseindia.com/corporate/xbrl/IT_1143375_805496_27032023020807_WEB.xml,Promoter Group,17809901,12.33,3596609,Equity Shares,17836482,12.34,23-Mar-2023,23-Mar-2023,27-Mar-2023,Market Purchase,-,NSE,-
NAVINFLUOR,Navin Fluorine International Limited,7(2),Shailendra Chaudhari,27-Mar-2023 14:03,1143372,,0,0,0,0,Equity Shares,175,459290,Buy,-,https://archives.nseindia.com/corporate/xbrl/IT_1143372_805493_27032023020354_WEB.xml,Employees/Designated Employees,845,0,34090,Equity Shares,1020,0,24-Mar-2023,24-Mar-2023,27-Mar-2023,ESOP,-,NA,-
TTL,T T Limited,7(2),T T Brands Limited,27-Mar-2023 13:44,1143371,,0,0,0,0,Equity Shares,1000,459289,Buy,-,https://archives.nseindia.com/corporate/xbrl/IT_1143371_805484_27032023014418_WEB.xml,Promoter Group,25251,0.12,74186,Equity Shares,26251,0.12,03-Mar-2023,26-Mar-2023,27-Mar-2023,Market Purchase,-,NSE,-
TTL,T T Limited,7(2),RIKHAB CHAND JAIN,27-Mar-2023 13:39,1143368,,0,0,0,0,Equity Shares,1500,459286,Buy,-,https://archives.nseindia.com/corporate/xbrl/IT_1143368_805480_27032023013925_WEB.xml,Promoters,8576762,39.9,112369,Equity Shares,8578262,39.9,17-Feb-2023,26-Mar-2023,27-Mar-2023,Market Purchase,-,NSE,-
DOLLAR,Dollar Industries Limited,7(2),V.K. Mercantile Private Limited,27-Mar-2023 13:12,1143366,,0,0,0,0,Equity Shares,58406,459284,Buy,-,https://archives.nseindia.com/corporate/xbrl/IT_1143366_805471_27032023011219_WEB.xml,Promoter Group,7752670,13.67,21189781,Equity Shares,7811076,13.77,24-Mar-2023,24-Mar-2023,25-Mar-2023,Market Purchase,-,NSE,-
MOTILALOFS,Motilal Oswal Financial Services Limited,7(2),Raamdeo Ramgopal Agarawal,27-Mar-2023 12:58,1143364,,0,0,0,0,Equity Shares,20000,459281,Buy,-,https://archives.nseindia.com/corporate/xbrl/IT_1143364_805462_27032023125818_WEB.xml,Promoters,39900601,26.97,11172462,Equity Shares,39920601,26.98,24-Mar-2023,24-Mar-2023,27-Mar-2023,Market Purchase,-,NSE,-
MOTILALOFS,Motilal Oswal Financial Services Limited,7(2),Motilal Gopilal Oswal,27-Mar-2023 12:58,1143364,,0,0,0,0,Equity Shares,16600,459282,Buy,-,https://archives.nseindia.com/corporate/xbrl/IT_1143364_805462_27032023125818_WEB.xml,Promoters,7717982,5.22,9273543,Equity Shares,7734582,5.23,24-Mar-2023,24-Mar-2023,27-Mar-2023,Market Purchase,-,NSE,-
CAMPUS,Campus Activewear Limited,7(2),RAMAN CHAWLA,27-Mar-2023 12:41,1143362,,0,0,0,0,Equity Shares,50000,459278,Sell,-,https://archives.nseindia.com/corporate/xbrl/IT_1143362_805447_27032023124148_WEB.xml,Key Managerial Personnel,260000,0.09,17117000,Equity Shares,210000,0.07,24-Mar-2023,24-Mar-2023,26-Mar-2023,Market Sale,-,NSE,-
CENTRUM,Centrum Capital Limited,7(2),JBCG ADVISORY SERVICES PRIVATE LIMTIED,27-Mar-2023 12:30,1143360,,0,0,0,0,Equity Shares,71000,459276,Buy,-,https://archives.nseindia.com/corporate/xbrl/IT_1143360_805441_27032023123047_WEB.xml,Promoter Group,24216537,5.82,1426021,Equity Shares,24287537,5.84,24-Mar-2023,24-Mar-2023,27-Mar-2023,Market Purchase,-,NSE,-
ALMONDZ,Almondz Global Securities Limited,7(2),Avonmore Capital & Management Services Ltd,27-Mar-2023 11:56,1143358,,0,0,0,0,Equity Shares,236,459274,Buy,-,https://archives.nseindia.com/corporate/xbrl/IT_1143358_805424_27032023115620_WEB.xml,Promoters,15120654,58.41,14614,Equity Shares,15120890,58.41,24-Mar-2023,24-Mar-2023,27-Mar-2023,Market Purchase,-,BSE,-
ALMONDZ,Almondz Global Securities Limited,7(2),Avonmore Capital & Management Services Ltd,27-Mar-2023 11:56,1143358,,0,0,0,0,Equity Shares,2182,459273,Buy,-,https://archives.nseindia.com/corporate/xbrl/IT_1143358_805424_27032023115620_WEB.xml,Promoters,15118472,58.4,134695,Equity Shares,15120654,58.41,24-Mar-2023,24-Mar-2023,27-Mar-2023,Market Purchase,-,NSE,-
APOLLOHOSP,Apollo Hospitals Enterprise Limited,7(2),K VISHWESHWAR REDDY,27-Mar-2023 11:51,1143356,,0,0,0,0,Equity Shares,220000,459270,Pledge,-,https://archives.nseindia.com/corporate/xbrl/IT_1143356_805421_27032023115113_WEB.xml,Promoters,1577350,1.1,940100000,Equity Shares,1577350,1.1,23-Mar-2023,23-Mar-2023,24-Mar-2023,Pledge Creation,-,NA,-
VERANDA,Veranda Learning Solutions Limited,7(2),Kalpathi S Ganesh,27-Mar-2023 11:49,1143354,,0,0,0,0,Equity Shares,10000,459268,Buy,-,https://archives.nseindia.com/corporate/xbrl/IT_1143354_805416_27032023114910_WEB.xml,Promoters,12032132,19.54,1757994,Equity Shares,12042132,19.55,24-Mar-2023,24-Mar-2023,25-Mar-2023,Market Purchase,-,NSE,-
MAHSEAMLES,Maharashtra Seamless Limited,7(2),SUDHA APPARELS LIMITED,27-Mar-2023 11:48,1143353,,0,0,0,0,Equity Shares,25000,459267,Buy,-,https://archives.nseindia.com/corporate/xbrl/IT_1143353_805413_27032023114832_WEB.xml,Promoter Group,7448154,5.56,9013787,Equity Shares,7473154,5.58,24-Mar-2023,24-Mar-2023,27-Mar-2023,Market Purchase,-,NSE,-
VERANDA,Veranda Learning Solutions Limited,7(2),Kalpathi S Suresh,27-Mar-2023 11:43,1143350,,0,0,0,0,Equity Shares,10000,459264,Buy,-,https://archives.nseindia.com/corporate/xbrl/IT_1143350_805410_27032023114324_WEB.xml,Promoters,12031632,19.54,1750259,Equity Shares,12041632,19.55,24-Mar-2023,24-Mar-2023,25-Mar-2023,Market Purchase,-,NSE,-
KCP,KCP Limited,7(2),V.L. INDIRA DUTT,27-Mar-2023 11:43,1143349,,0,0,0,0,Equity Shares,10421,459262,Buy,-,https://archives.nseindia.com/corporate/xbrl/IT_1143349_805408_27032023114310_WEB.xml,Promoters,10097045,7.83,994997,Equity Shares,10107466,7.84,24-Mar-2023,24-Mar-2023,27-Mar-2023,Market Purchase,-,NSE,-
KCP,KCP Limited,7(2),SUBBARAO VALLABHANENI,27-Mar-2023 11:43,1143349,,0,0,0,0,Equity Shares,9900,459263,Buy,-,https://archives.nseindia.com/corporate/xbrl/IT_1143349_805408_27032023114310_WEB.xml,Promoter Group,167000,0.13,959904,Equity Shares,176900,0.13,22-Mar-2023,22-Mar-2023,27-Mar-2023,Market Purchase,-,NSE,-
VERANDA,Veranda Learning Solutions Limited,7(2),Kalpathi S Aghoram,27-Mar-2023 11:31,1143346,,0,0,0,0,Equity Shares,10000,459258,Buy,-,https://archives.nseindia.com/corporate/xbrl/IT_1143346_805404_27032023113140_WEB.xml,Promoters,12033636,19.54,1756242,Equity Shares,12043636,19.56,24-Mar-2023,24-Mar-2023,25-Mar-2023,Market Purchase,-,NSE,-
LT,Larsen & Toubro Limited,7(2),CYRUS J DADACHANJI,27-Mar-2023 11:30,1143345,,0,0,0,0,Equity Shares,17,459255,Sell,-,https://archives.nseindia.com/corporate/xbrl/IT_1143345_805401_27032023113052_WEB.xml,Employees/Designated Employees,4723,0,37724,Equity Shares,4706,0,22-Mar-2023,22-Mar-2023,23-Mar-2023,Market Sale,-,NSE,-
LT,Larsen & Toubro Limited,7(2),CYRUS J DADACHANJI,27-Mar-2023 11:30,1143345,,0,0,0,0,Equity Shares,19,459251,Sell,-,https://archives.nseindia.com/corporate/xbrl/IT_1143345_805401_27032023113052_WEB.xml,Employees/Designated Employees,4755,0,42165,Equity Shares,4736,0,22-Mar-2023,22-Mar-2023,23-Mar-2023,Market Sale,-,NSE,-
LT,Larsen & Toubro Limited,7(2),CYRUS J DADACHANJI,27-Mar-2023 11:30,1143345,,0,0,0,0,Equity Shares,44,459252,Sell,-,https://archives.nseindia.com/corporate/xbrl/IT_1143345_805401_27032023113052_WEB.xml,Employees/Designated Employees,4799,0,96591,Equity Shares,4755,0,17-Mar-2023,17-Mar-2023,23-Mar-2023,Market Sale,-,NSE,-
LT,Larsen & Toubro Limited,7(2),CYRUS J DADACHANJI,27-Mar-2023 11:30,1143345,,0,0,0,0,Equity Shares,25,459257,Sell,-,https://archives.nseindia.com/corporate/xbrl/IT_1143345_805401_27032023113052_WEB.xml,Employees/Designated Employees,4365,0,55475,Equity Shares,4340,0,22-Mar-2023,22-Mar-2023,23-Mar-2023,Market Sale,-,NSE,-
LT,Larsen & Toubro Limited,7(2),CYRUS J DADACHANJI,27-Mar-2023 11:30,1143345,,0,0,0,0,Equity Shares,341,459256,Sell,-,https://archives.nseindia.com/corporate/xbrl/IT_1143345_805401_27032023113052_WEB.xml,Employees/Designated Employees,4706,0,756696,Equity Shares,4365,0,22-Mar-2023,22-Mar-2023,23-Mar-2023,Market Sale,-,NSE,-
LT,Larsen & Toubro Limited,7(2),CYRUS J DADACHANJI,27-Mar-2023 11:30,1143345,,0,0,0,0,Equity Shares,10,459254,Sell,-,https://archives.nseindia.com/corporate/xbrl/IT_1143345_805401_27032023113052_WEB.xml,Employees/Designated Employees,4733,0,22191,Equity Shares,4723,0,22-Mar-2023,22-Mar-2023,23-Mar-2023,Market Sale,-,NSE,-
LT,Larsen & Toubro Limited,7(2),CYRUS J DADACHANJI,27-Mar-2023 11:30,1143345,,0,0,0,0,Equity Shares,3,459253,Sell,-,https://archives.nseindia.com/corporate/xbrl/IT_1143345_805401_27032023113052_WEB.xml,Employees/Designated Employees,4736,0,6657,Equity Shares,4733,0,22-Mar-2023,22-Mar-2023,23-Mar-2023,Market Sale,-,NSE,-
INDOAMIN,Indo Amines Limited,7(2),Marvel Indenting Private Limited,27-Mar-2023 10:07,1143339,,0,0,0,0,Equity Shares,17586,459238,Sell,-,https://archives.nseindia.com/corporate/xbrl/IT_1143339_805387_27032023100725_WEB.xml,Promoter Group,639208,0.9,1343218,Equity Shares,621622,0.88,24-Mar-2023,24-Mar-2023,25-Mar-2023,Market Sale,-,NSE,-
INDUSINDBK,Indusind Bank Limited,7(2),SUMANT KATHPALIA,27-Mar-2023 10:04,1143337,,0,0,0,0,Equity Shares,194000,459236,Pledge,-,https://archives.nseindia.com/corporate/xbrl/IT_1143337_805384_27032023100456_WEB.xml,Employees/Designated Employees,622818,0.09,195746000,Equity Shares,622818,0.09,25-Mar-2023,25-Mar-2023,25-Mar-2023,Pledge Creation,-,NA,-
INDUSINDBK,Indusind Bank Limited,7(2),SUMANT KATHPALIA,27-Mar-2023 10:04,1143337,,0,0,0,0,Equity Shares,194000,459235,Pledge Revoke,-,https://archives.nseindia.com/corporate/xbrl/IT_1143337_805384_27032023100456_WEB.xml,Employees/Designated Employees,622818,0.09,195746000,Equity Shares,622818,0.09,24-Mar-2023,24-Mar-2023,24-Mar-2023,Revokation of Pledge,-,NA,-
